"","Age","Education"," Country","Ethnicity","Nscore","Escore","Oscore","Ascore","Cscore","Impulsive","SS","Class"
"1",0.49788,-0.05921,0.24923,-0.31685,-0.34799,0.16767,-0.97631,0.76096,0.41594,-1.37983,-1.18084,0
"2",1.09449,0.45468,-0.28519,-1.10702,0.22393,0.80523,-0.01928,0.76096,0.41594,0.19268,0.07987,0
"3",-0.95197,0.45468,0.96082,-0.31685,-0.24649,0.16767,-0.71727,1.61108,1.13407,0.19268,-1.18084,0
"4",1.82213,0.45468,0.96082,-0.31685,-0.79151,0.32197,0.44585,-1.47955,1.46191,-0.21712,0.07987,0
"5",-0.07854,-0.61113,0.96082,-0.31685,-0.58016,1.58487,0.58331,0.13136,0.41594,1.29221,1.92173,0
"6",-0.95197,-0.61113,-0.57009,-0.31685,-1.1943,0.80523,0.88309,0.94156,0.41594,-0.21712,0.7654,0
"7",1.09449,-1.22751,0.24923,-0.31685,-0.46725,1.11406,-0.31776,1.11406,0.12331,-2.55524,-0.84637,0
"8",-0.95197,0.45468,0.96082,-0.31685,-0.05188,1.2861,0.58331,0.13136,0.41594,0.88113,0.07987,0
"9",1.09449,-0.61113,0.24923,-0.31685,0.31287,0.63779,-1.11902,0.28783,1.46191,-0.71126,-0.84637,0
"10",-0.95197,-0.61113,-0.28519,-0.31685,-1.1943,1.11406,1.24033,-1.6209,-0.65253,0.52975,1.2247,0
"11",0.49788,0.45468,-0.57009,-0.31685,-0.05188,-0.94779,0.29338,1.11406,-0.89891,0.88113,-0.21575,0
"12",-0.07854,1.98437,0.96082,-0.31685,-1.43907,0.80523,-0.01928,2.46262,-0.27607,-0.21712,-0.21575,0
"13",-0.95197,0.45468,0.96082,-0.31685,0.41667,-0.15487,-0.31776,2.23427,1.13407,-1.37983,-0.52593,0
"14",-0.95197,1.16365,0.96082,-1.10702,0.41667,-0.80615,-0.58331,0.13136,-0.40581,-1.37983,-1.54858,0
"15",-0.07854,-2.43591,0.96082,-0.31685,0.62967,0.00332,1.24033,1.81866,0.93949,1.86203,1.92173,0
"16",-0.07854,0.45468,0.96082,-0.31685,-0.14882,0.47617,-0.45174,-0.76096,0.93949,0.52975,-0.52593,0
"17",1.09449,-0.05921,0.96082,-0.31685,-0.58016,-0.57545,-1.27553,0.94156,0.93949,-1.37983,-2.07848,0
"18",1.09449,1.16365,0.96082,-0.31685,-0.05188,0.00332,0.14143,0.94156,0.93949,0.19268,0.40148,0
"19",1.09449,-1.7379,0.96082,-0.31685,-1.05308,-0.69509,-1.11902,1.2861,0.41594,-0.71126,-1.18084,0
"20",0.49788,1.16365,-0.28519,-0.31685,-0.24649,-1.7625,-0.01928,-0.30172,0.25953,-0.21712,-1.54858,0
"21",-0.07854,1.98437,0.21128,-0.31685,-0.79151,1.45421,1.88511,-0.91699,-0.40581,1.29221,0.40148,0
"22",-0.95197,-0.61113,-0.57009,-0.31685,1.72012,0.32197,-1.11902,-0.45321,-2.42317,2.90161,-0.21575,0
"23",0.49788,-0.61113,-0.57009,-0.31685,1.02119,1.11406,-0.31776,-1.21213,0.58489,0.88113,1.2247,0
"24",1.09449,-0.05921,0.96082,-0.31685,0.04257,-0.80615,-0.01928,0.43852,-0.14277,-0.71126,-0.84637,0
"25",1.09449,-1.43719,0.24923,-0.31685,-0.34799,-0.69509,-1.55521,0.43852,0.58489,-2.55524,-2.07848,0
"26",-0.95197,1.16365,0.96082,-0.31685,1.60383,-1.50796,-0.17779,0.28783,-0.40581,-0.71126,-1.54858,0
"27",1.82213,-0.05921,0.96082,-0.31685,-0.79151,-0.57545,0.29338,0.28783,-1.13788,1.86203,0.40148,0
"28",-0.07854,0.45468,0.96082,-0.31685,0.04257,0.16767,0.29338,2.03972,1.81175,0.52975,-1.18084,0
"29",0.49788,-0.05921,0.24923,-0.31685,0.62967,2.57309,-0.97631,0.76096,1.13407,-1.37983,-1.54858,0
"30",-0.07854,0.45468,0.96082,-0.31685,0.62967,0.16767,-0.17779,-0.30172,0.12331,0.19268,-0.52593,0
"31",0.49788,-0.05921,0.96082,-0.31685,-0.05188,-1.09207,-2.63199,-0.91699,0.25953,-1.37983,-1.54858,0
"32",1.09449,-2.43591,-0.09765,-0.31685,-0.92104,0.63779,-0.97631,0.94156,0.25953,-1.37983,-2.07848,0
"33",0.49788,0.45468,0.96082,-0.31685,0.82562,0.00332,1.06238,1.81866,-0.40581,-0.21712,-0.21575,0
"34",-0.95197,0.45468,0.96082,-0.22166,-0.92104,-0.15487,-0.84732,-0.76096,1.30612,-0.71126,-0.21575,0
"35",1.09449,-0.05921,0.96082,-0.31685,0.04257,0.63779,-1.68062,-1.07533,-0.00665,-0.71126,-1.18084,0
"36",-0.07854,-1.22751,0.96082,-0.31685,-1.55078,-0.30033,-0.45174,0.28783,-0.00665,-0.71126,-0.84637,0
"37",-0.07854,-1.22751,0.96082,-0.31685,-0.46725,0.16767,-2.63199,0.59042,1.13407,0.52975,-0.84637,0
"38",0.49788,-0.05921,-0.57009,-0.31685,0.82562,-0.94779,-0.17779,0.43852,0.58489,-0.71126,-0.84637,0
"39",1.09449,-0.61113,-0.57009,-0.31685,1.23461,-1.09207,-0.45174,-0.15487,0.7583,-0.71126,-0.21575,0
"40",-0.95197,0.45468,0.96082,-0.31685,-0.58016,0.47617,0.88309,1.61108,0.58489,-0.21712,0.40148,0
"41",-0.95197,0.45468,0.96082,-0.31685,0.31287,0.00332,-0.01928,0.76096,-0.27607,-1.37983,-1.18084,0
"42",-0.07854,1.98437,-0.57009,-0.31685,0.52135,0.32197,1.65653,-0.60633,-0.65253,-0.21712,-0.52593,0
"43",1.09449,-2.43591,-0.57009,-0.31685,0.73545,-0.43999,0.44585,-1.07533,0.25953,0.52975,0.40148,0
"44",0.49788,0.45468,-0.57009,-0.31685,-1.1943,1.2861,1.43533,1.2861,0.25953,-0.71126,-0.21575,0
"45",-0.95197,-1.7379,0.24923,-0.31685,0.13606,-0.30033,-0.01928,-1.772,-2.18109,1.29221,0.40148,0
"46",-0.07854,0.45468,0.96082,-0.31685,0.04257,0.47617,-1.11902,0.59042,1.81175,-0.71126,-0.52593,0
"47",-0.07854,1.16365,0.96082,-0.31685,-0.14882,0.32197,-1.27553,1.11406,1.81175,0.52975,1.2247,0
"48",-0.07854,-1.43719,0.24923,-0.31685,1.37297,-0.80615,-0.45174,-1.92595,-1.64101,0.19268,-0.52593,0
"49",-0.07854,1.98437,0.96082,-0.31685,-2.21844,-0.94779,-0.71727,0.13136,-0.52745,-0.71126,0.7654,0
"50",1.09449,0.45468,0.96082,-0.31685,0.41667,-0.94779,-0.84732,1.11406,-0.89891,-0.71126,0.07987,0
"51",-0.07854,0.45468,0.96082,-0.31685,-0.58016,0.47617,-0.71727,2.03972,0.93949,0.19268,-0.21575,0
"52",0.49788,-2.43591,0.96082,-0.31685,-0.24649,-0.43999,-0.97631,-0.45321,0.58489,-1.37983,-0.84637,0
"53",-0.07854,0.45468,0.96082,-0.31685,-0.67825,3.00537,0.7233,0.94156,1.63088,0.52975,0.40148,0
"54",1.09449,1.16365,0.96082,-0.31685,-0.92104,0.00332,-0.71727,0.13136,0.93949,-0.71126,0.40148,0
"55",1.09449,0.45468,0.96082,-0.31685,-1.1943,0.63779,-1.11902,-0.45321,-0.00665,-0.21712,-0.84637,0
"56",1.09449,1.16365,0.96082,-0.31685,-0.46725,-0.15487,1.43533,-0.01729,0.93949,1.86203,0.7654,0
"57",-0.07854,1.16365,0.96082,-0.31685,-1.05308,1.2861,-0.45174,-0.15487,-0.00665,0.88113,-0.84637,0
"58",-0.07854,0.45468,0.96082,-0.31685,-0.46725,0.80523,-0.97631,1.45039,1.13407,-1.37983,-1.18084,0
"59",0.49788,-1.43719,0.96082,0.1144,1.37297,-0.15487,-0.31776,-0.30172,-0.65253,-0.21712,0.07987,0
"60",1.82213,-2.43591,0.96082,-0.31685,-0.14882,0.16767,-0.71727,0.94156,0.58489,-0.71126,-0.52593,0
"61",-0.07854,1.16365,0.96082,0.1144,0.82562,0.32197,0.14143,0.59042,0.93949,-0.71126,-0.52593,0
"62",1.09449,0.45468,0.96082,-0.31685,0.82562,-0.94779,-0.45174,0.76096,-0.14277,0.19268,-0.21575,0
"63",-0.95197,-1.22751,0.96082,-0.31685,0.04257,-1.37639,-1.27553,-0.01729,-0.00665,-1.37983,-2.07848,0
"64",1.09449,0.45468,0.96082,-0.31685,0.22393,0.63779,-0.97631,0.76096,-0.52745,-1.37983,-2.07848,0
"65",0.49788,-0.05921,0.96082,-0.31685,-0.34799,-0.57545,-0.58331,-0.91699,0.25953,-0.71126,-1.54858,0
"66",-0.95197,0.45468,0.96082,-0.31685,0.41667,-0.30033,0.29338,1.2861,-0.14277,-0.71126,-1.54858,0
"67",-0.07854,0.45468,0.96082,-0.31685,-0.46725,-0.57545,-1.68062,0.43852,-0.52745,-0.71126,-1.18084,0
"68",1.09449,-0.05921,0.96082,-0.31685,0.52135,-0.57545,-0.45174,-0.45321,0.7583,0.19268,-1.18084,0
"69",0.49788,0.45468,0.96082,-0.31685,-0.14882,-0.15487,0.14143,0.13136,0.93949,-1.37983,0.07987,0
"70",0.49788,-0.61113,-0.57009,-0.31685,1.37297,0.00332,-0.45174,-0.76096,-0.52745,0.88113,-0.21575,0
"71",1.09449,-0.61113,-0.57009,-0.31685,0.82562,-0.15487,0.44585,-0.15487,0.12331,0.19268,-0.21575,0
"72",-0.07854,-0.61113,0.96082,-0.31685,0.22393,-0.30033,-1.68062,0.59042,-0.65253,-0.21712,0.07987,0
"73",-0.07854,-0.61113,0.96082,-0.31685,0.31287,-1.7625,-1.42424,-0.30172,-0.40581,0.52975,-0.84637,0
"74",1.09449,-0.05921,0.96082,-0.31685,-0.46725,0.96248,2.15324,-0.91699,-0.00665,1.86203,1.2247,0
"75",1.82213,-1.43719,0.96082,-0.22166,1.02119,-0.94779,-1.11902,1.45039,-1.64101,0.19268,-0.21575,0
"76",-0.07854,0.45468,-0.28519,-0.31685,0.13606,-1.6334,0.44585,0.94156,-1.64101,-0.21712,-0.84637,0
"77",-0.07854,1.16365,0.96082,-0.31685,-0.67825,0.47617,-0.17779,0.76096,1.46191,-0.21712,-0.52593,0
"78",-0.07854,0.45468,0.24923,-0.31685,1.60383,-0.30033,-0.71727,1.11406,-0.40581,0.19268,0.07987,0
"79",0.49788,0.45468,-0.57009,-0.31685,0.31287,0.16767,0.7233,-1.07533,0.41594,0.52975,1.2247,0
"80",1.82213,-0.05921,0.96082,-0.31685,0.41667,-1.50796,-1.82919,-0.91699,-0.40581,-1.37983,-2.07848,0
"81",-0.95197,-1.22751,0.96082,-0.31685,0.31287,0.80523,-0.01928,-0.91699,1.13407,0.52975,0.7654,0
"82",0.49788,-1.22751,0.21128,-0.31685,-0.24649,-0.57545,-0.58331,-0.15487,0.25953,-1.37983,-1.54858,0
"83",0.49788,1.16365,0.96082,0.1144,0.41667,-0.80615,1.06238,0.76096,0.58489,-0.71126,-0.21575,0
"84",1.82213,0.45468,0.96082,-0.31685,-1.1943,-0.15487,-0.17779,0.28783,0.7583,-0.21712,0.07987,0
"85",-0.95197,1.16365,0.96082,-0.31685,0.62967,1.45421,-0.17779,2.46262,-0.52745,1.29221,0.40148,0
"86",-0.07854,-0.61113,0.21128,-0.31685,-1.55078,2.127,0.88309,-0.01729,0.93949,-0.21712,0.40148,0
"87",0.49788,-0.05921,0.96082,-0.31685,1.60383,0.16767,-0.45174,0.59042,-0.78155,-0.71126,-0.21575,0
"88",-0.95197,-0.05921,0.96082,-0.31685,-1.1943,0.63779,-0.01928,0.28783,-0.52745,-0.21712,-0.52593,0
"89",-0.07854,1.16365,0.96082,-0.22166,0.82562,-0.57545,-1.97495,-0.91699,0.25953,0.52975,1.2247,0
"90",1.09449,1.16365,0.96082,-0.31685,-0.92104,1.2861,1.43533,0.94156,0.58489,-0.71126,-1.18084,0
"91",-0.95197,0.45468,0.96082,-0.31685,0.41667,-0.57545,-0.97631,-0.15487,1.46191,-1.37983,-2.07848,0
"92",2.59171,-2.43591,0.96082,-0.31685,-0.24649,-0.80615,-2.63199,-0.30172,-0.78155,0.52975,-1.54858,0
"93",0.49788,-0.61113,0.96082,-0.31685,0.52135,-0.30033,-0.97631,1.81866,1.63088,-1.37983,-2.07848,0
"94",2.59171,1.16365,0.96082,-0.31685,0.13606,-1.09207,-0.45174,-0.45321,0.25953,-0.21712,-1.54858,0
"95",1.09449,0.45468,0.96082,-0.31685,0.22393,0.00332,1.24033,-0.01729,1.46191,-0.21712,-0.21575,0
"96",1.09449,0.45468,-0.57009,-0.31685,-1.05308,0.96248,0.44585,-0.01729,0.58489,0.88113,1.2247,0
"97",-0.07854,0.45468,-0.57009,-0.31685,1.13281,-1.37639,-1.27553,-1.772,-1.38502,0.52975,-0.52593,0
"98",0.49788,-0.61113,0.96082,-0.31685,1.23461,0.00332,-0.31776,1.11406,0.12331,0.19268,-0.52593,0
"99",-0.07854,-0.05921,0.96082,-0.31685,-0.05188,-0.94779,-1.68062,0.13136,0.7583,-0.21712,-0.84637,0
"100",1.82213,1.98437,0.96082,-0.31685,-1.1943,0.00332,0.7233,-1.21213,1.13407,-0.21712,0.07987,0
"101",-0.07854,1.16365,-0.28519,-0.31685,0.31287,1.11406,-0.84732,-1.07533,0.7583,-0.21712,-0.52593,0
"102",-0.95197,0.45468,0.96082,-0.31685,-0.58016,0.16767,-0.84732,1.11406,1.46191,0.52975,1.2247,0
"103",-0.95197,-0.05921,-0.57009,0.1144,-0.34799,0.63779,0.14143,-0.30172,0.7583,1.29221,-0.52593,0
"104",1.09449,1.98437,0.96082,0.126,0.73545,-0.15487,1.24033,-0.45321,0.7583,0.52975,0.7654,0
"105",-0.07854,-0.05921,0.24923,-0.31685,0.22393,-0.57545,-0.84732,0.28783,1.13407,-1.37983,-2.07848,0
"106",-0.07854,-0.05921,0.96082,-0.31685,0.41667,-0.80615,-0.84732,-1.21213,1.30612,0.19268,-1.18084,0
"107",1.82213,-0.61113,-0.57009,-0.31685,-0.24649,-1.37639,-0.17779,-1.34289,0.93949,0.52975,-0.84637,0
"108",0.49788,-1.7379,0.96082,-0.31685,-0.46725,0.16767,-0.45174,1.2861,0.58489,-1.37983,-0.52593,0
"109",0.49788,0.45468,0.96082,-1.10702,-0.67825,0.32197,-0.84732,1.81866,-0.40581,-0.71126,-1.18084,0
"110",-0.07854,1.16365,-0.28519,-0.31685,-1.1943,1.11406,0.14143,-0.60633,-0.14277,-0.21712,-0.84637,0
"111",0.49788,1.16365,0.96082,-0.31685,-0.14882,-0.43999,-0.01928,1.2861,1.81175,-0.71126,-1.18084,0
"112",-0.07854,0.45468,-0.09765,-0.31685,-1.43907,1.74091,-0.84732,-0.60633,0.58489,0.88113,0.40148,0
"113",0.49788,0.45468,0.96082,-0.31685,2.127,-1.50796,-1.82919,0.59042,-1.78169,-0.71126,-1.54858,0
"114",0.49788,0.45468,0.96082,-1.10702,-0.79151,1.93886,-0.97631,-0.01729,1.13407,-0.71126,-0.52593,0
"115",0.49788,-0.05921,0.96082,-0.31685,-0.79151,0.32197,-1.27553,0.76096,0.7583,-1.37983,-1.18084,0
"116",-0.95197,-0.61113,-0.57009,-0.31685,0.13606,0.63779,1.88511,1.2861,-0.27607,-1.37983,0.40148,0
"117",-0.95197,-0.61113,0.96082,-0.31685,1.23461,1.11406,0.44585,0.59042,0.93949,-0.71126,0.07987,0
"118",-0.95197,1.16365,0.96082,-0.50212,0.82562,-0.69509,-0.58331,-0.60633,-1.0145,-0.71126,0.7654,0
"119",0.49788,1.16365,0.96082,-0.31685,-0.58016,0.47617,-0.58331,-0.30172,0.93949,-0.21712,-0.84637,0
"120",-0.07854,0.45468,0.96082,-0.31685,-0.24649,1.11406,-0.45174,-0.15487,0.41594,-0.71126,-0.84637,0
"121",1.09449,-0.05921,-0.28519,-0.31685,0.41667,0.47617,0.29338,-1.07533,-1.13788,0.88113,0.07987,0
"122",2.59171,-0.05921,0.96082,-0.31685,-1.05308,-0.30033,0.29338,0.43852,0.7583,-0.21712,-0.52593,0
"123",1.09449,-1.22751,0.96082,-0.31685,-1.55078,0.96248,-0.01928,0.43852,0.93949,0.19268,0.40148,0
"124",-0.95197,0.45468,0.96082,-0.31685,-0.46725,-0.15487,-0.31776,-0.15487,0.7583,-0.21712,-0.52593,0
"125",1.09449,1.16365,0.96082,-0.50212,-0.14882,0.32197,0.14143,-0.30172,-0.14277,0.19268,-0.52593,0
"126",-0.95197,-0.61113,0.96082,-0.31685,1.49158,-1.50796,-3.27393,0.76096,-0.89891,-1.37983,-1.54858,0
"127",-0.07854,-0.61113,0.96082,-0.31685,-0.24649,-0.94779,-1.68062,-1.47955,-1.38502,-2.55524,-1.54858,0
"128",-0.07854,1.16365,-0.57009,-0.31685,0.82562,-0.69509,-0.01928,-0.30172,0.58489,-0.21712,-0.84637,0
"129",0.49788,-0.61113,0.96082,-0.31685,1.02119,-0.57545,0.88309,1.2861,-0.65253,0.88113,-0.21575,0
"130",0.49788,0.45468,-0.57009,-0.31685,-0.92104,0.96248,0.58331,0.94156,1.13407,0.52975,1.2247,0
"131",0.49788,0.45468,0.96082,-0.31685,-1.05308,-0.57545,-0.01928,-1.34289,0.58489,0.88113,0.40148,0
"132",1.09449,0.45468,0.96082,-0.31685,0.41667,0.32197,-0.17779,0.59042,0.41594,-0.71126,-0.52593,0
"133",-0.07854,-1.7379,0.96082,-0.31685,-1.86962,0.96248,-0.97631,2.23427,2.33337,-1.37983,-0.84637,0
"134",-0.95197,-0.61113,-0.57009,-0.31685,0.04257,-1.09207,-0.01928,0.28783,0.58489,-1.37983,-1.54858,0
"135",1.09449,-0.05921,0.96082,-0.31685,-1.05308,0.80523,-0.58331,0.94156,1.46191,0.19268,0.07987,0
"136",-0.07854,0.45468,-0.57009,-0.31685,1.49158,0.63779,0.88309,-1.6209,-0.00665,-1.37983,-1.18084,0
"137",-0.07854,-0.61113,-0.57009,0.126,-0.05188,1.45421,2.15324,-0.91699,-0.52745,1.29221,1.2247,0
"138",-0.07854,1.16365,0.96082,-0.31685,1.37297,-1.7625,0.44585,0.28783,0.58489,-1.37983,-0.84637,0
"139",-0.07854,0.45468,0.96082,-0.31685,-0.14882,0.96248,1.24033,-0.01729,0.25953,-0.21712,0.40148,0
"140",1.82213,-0.05921,0.24923,-0.31685,1.23461,-0.80615,-1.42424,1.11406,-1.5184,1.86203,-0.21575,0
"141",1.09449,0.45468,0.24923,0.1144,-1.69163,-0.30033,1.06238,1.61108,-0.00665,-0.71126,0.07987,0
"142",1.82213,0.45468,0.24923,-0.31685,-1.69163,-1.09207,1.06238,-0.45321,-0.65253,-0.71126,0.07987,0
"143",1.09449,0.45468,0.96082,-0.31685,-0.46725,1.45421,0.29338,0.43852,0.7583,-0.21712,-0.21575,0
"144",0.49788,-1.7379,0.96082,-0.31685,-0.79151,0.00332,-1.11902,-0.30172,0.25953,0.19268,-0.21575,0
"145",1.09449,1.16365,0.96082,-0.31685,0.82562,-0.30033,0.29338,0.76096,1.63088,0.52975,0.40148,0
"146",1.09449,1.16365,0.96082,-0.31685,-1.05308,1.74091,0.58331,0.43852,2.04506,-0.21712,-0.52593,0
"147",-0.07854,1.98437,0.96082,-0.31685,0.31287,0.00332,1.06238,-0.45321,0.41594,-0.21712,-0.21575,0
"148",0.49788,0.45468,0.96082,-0.31685,0.13606,-0.30033,-1.42424,1.61108,0.41594,-0.21712,-1.54858,0
"149",-0.95197,-1.22751,0.96082,-0.31685,0.52135,-0.15487,-0.71727,-0.60633,0.25953,-0.21712,-0.21575,0
"150",-0.07854,-1.7379,-0.28519,-0.31685,-0.05188,-0.57545,0.88309,0.43852,-0.78155,-0.21712,0.07987,0
"151",-0.07854,-1.22751,0.96082,-0.31685,-0.46725,0.00332,-1.55521,0.13136,0.41594,0.52975,1.2247,0
"152",-0.07854,-0.61113,-0.57009,-0.31685,-0.24649,-0.43999,-1.55521,0.13136,0.58489,-1.37983,-1.54858,0
"153",-0.07854,1.16365,0.21128,-0.31685,-0.14882,-0.30033,-1.27553,1.81866,-0.27607,-1.37983,-1.18084,0
"154",1.82213,-0.61113,-0.57009,-0.31685,-0.92104,0.96248,0.44585,-0.60633,-0.40581,0.52975,-0.21575,0
"155",1.82213,1.16365,0.96082,-0.31685,0.31287,0.47617,1.06238,-0.30172,-0.78155,0.52975,0.7654,0
"156",1.09449,0.45468,0.96082,-0.31685,-0.67825,0.80523,-1.42424,0.94156,0.25953,0.52975,0.40148,0
"157",1.09449,1.16365,0.96082,-0.31685,0.13606,-0.69509,-0.17779,-0.76096,-0.27607,-0.71126,-0.84637,0
"158",1.09449,-0.05921,0.96082,-0.31685,-2.05048,0.80523,-0.97631,2.75696,1.13407,-1.37983,-2.07848,0
"159",0.49788,-0.61113,0.96082,-0.31685,-0.24649,1.2861,0.14143,0.59042,1.13407,0.19268,0.07987,0
"160",0.49788,1.16365,0.96082,-1.10702,-0.24649,-0.57545,-0.58331,0.13136,0.12331,-0.21712,-1.18084,0
"161",0.49788,-1.7379,0.96082,-0.31685,1.49158,-1.09207,-1.11902,-1.772,-0.78155,-0.71126,0.07987,0
"162",0.49788,-0.05921,0.96082,-1.10702,-0.92104,1.45421,-1.27553,-0.45321,-0.00665,-0.21712,0.07987,0
"163",-0.95197,0.45468,0.96082,-0.31685,1.13281,0.80523,0.58331,0.94156,-1.5184,0.88113,-0.84637,0
"164",-0.95197,-0.61113,0.96082,-0.31685,2.82196,-1.37639,0.7233,-0.45321,0.58489,-0.21712,0.7654,0
"165",0.49788,-0.61113,0.96082,-0.31685,0.62967,-1.09207,0.44585,-0.76096,-0.40581,-1.37983,-0.52593,0
"166",1.09449,-0.05921,0.96082,-0.31685,-0.34799,0.47617,-0.97631,0.43852,-0.14277,0.52975,-0.21575,0
"167",-0.07854,1.16365,0.96082,-0.31685,-0.58016,-0.43999,-1.55521,0.76096,-0.52745,-1.37983,-2.07848,0
"168",-0.95197,1.16365,0.96082,-0.31685,-0.34799,0.00332,-0.45174,0.13136,0.7583,-0.71126,-0.84637,0
"169",-0.07854,1.16365,0.96082,-0.31685,0.04257,1.2861,2.90161,-0.60633,-0.00665,-0.71126,0.07987,0
"170",-0.95197,-1.22751,0.96082,-0.31685,-0.34799,-1.23177,-0.97631,0.43852,1.13407,-0.71126,-2.07848,0
"171",1.09449,0.45468,0.96082,-0.31685,0.52135,0.80523,-0.01928,0.13136,-0.14277,-0.21712,0.07987,0
"172",0.49788,0.45468,0.96082,-0.31685,0.04257,0.96248,-0.58331,-0.30172,-0.40581,0.52975,-0.21575,0
"173",1.09449,0.45468,0.96082,-0.31685,0.22393,-1.09207,-0.71727,-0.30172,-0.65253,0.19268,-0.84637,0
"174",-0.95197,0.45468,-0.57009,-0.31685,0.41667,-1.92173,-0.97631,0.76096,-1.5184,-1.37983,-0.84637,0
"175",1.09449,-2.43591,-0.57009,-0.31685,0.62967,-0.15487,-0.45174,-0.45321,-1.0145,0.19268,-0.52593,0
"176",0.49788,-0.05921,0.24923,-0.31685,0.62967,-0.57545,0.14143,-1.772,-0.40581,0.52975,-0.21575,0
"177",-0.95197,-0.61113,-0.09765,-0.31685,2.61139,-2.32338,1.06238,-0.01729,-2.42317,0.19268,-0.84637,0
"178",-0.07854,0.45468,0.24923,-0.31685,-0.92104,-0.30033,-0.17779,-1.92595,-0.27607,0.52975,-1.54858,0
"179",0.49788,-0.61113,0.96082,-0.31685,0.41667,-0.80615,0.88309,0.13136,-0.40581,0.52975,-0.21575,0
"180",-0.07854,1.16365,0.96082,-0.31685,1.8399,-0.94779,-0.31776,-1.772,-2.04506,1.29221,1.92173,0
"181",1.09449,-0.05921,0.96082,-0.31685,1.13281,0.32197,-0.17779,0.94156,1.13407,-0.71126,-0.21575,0
"182",0.49788,1.98437,0.96082,-0.31685,-1.1943,0.47617,1.24033,1.11406,3.00537,-0.21712,0.07987,0
"183",-0.95197,-0.61113,0.96082,-0.31685,-0.46725,0.63779,-0.31776,0.76096,0.93949,-0.71126,-0.21575,0
"184",-0.07854,0.45468,0.96082,-0.31685,-0.46725,2.127,0.14143,0.13136,0.7583,1.86203,1.2247,0
"185",-0.95197,-0.61113,0.21128,-0.31685,2.28554,-0.43999,-0.17779,0.76096,-2.18109,1.29221,0.40148,0
"186",1.09449,1.16365,0.96082,-0.31685,-0.92104,-0.30033,-0.01928,-0.30172,-0.40581,1.29221,-0.21575,0
"187",-0.07854,0.45468,0.96082,-0.50212,-0.46725,-1.50796,-0.58331,-0.30172,-0.40581,0.52975,0.40148,0
"188",1.09449,0.45468,0.96082,-0.31685,0.22393,-1.37639,-0.17779,-1.34289,-0.14277,-1.37983,-2.07848,0
"189",1.09449,-1.7379,0.96082,-0.31685,0.41667,-1.37639,-2.09015,0.59042,-0.27607,-1.37983,-2.07848,0
"190",0.49788,-0.05921,-0.57009,-0.31685,1.02119,-0.94779,-0.84732,-1.34289,-0.78155,0.19268,0.7654,0
"191",-0.07854,1.16365,0.96082,-0.31685,1.37297,-1.23177,-0.58331,0.43852,-1.25773,0.88113,0.7654,0
"192",1.09449,0.45468,0.96082,-0.31685,0.13606,-0.30033,-0.45174,1.11406,0.7583,-2.55524,-0.52593,0
"193",-0.95197,0.45468,0.96082,-0.31685,1.02119,-0.69509,0.88309,-1.772,-0.40581,0.19268,0.40148,0
"194",-0.07854,1.16365,0.96082,-0.31685,-2.75696,1.2861,-0.58331,0.76096,-0.52745,0.52975,0.07987,0
"195",-0.95197,-0.61113,-0.57009,-0.31685,-0.34799,0.47617,-0.17779,-0.91699,1.30612,-0.21712,0.07987,0
"196",-0.07854,0.45468,0.96082,-0.31685,0.52135,-0.30033,0.44585,-0.60633,-0.65253,-0.21712,-0.21575,0
"197",1.09449,1.16365,0.96082,-0.31685,-1.32828,0.80523,0.29338,0.43852,0.41594,0.19268,-0.52593,0
"198",0.49788,-1.7379,0.96082,-0.31685,0.73545,-0.57545,-2.09015,-0.76096,-1.92173,-0.21712,-0.52593,0
"199",0.49788,0.45468,0.96082,-0.31685,1.72012,-0.94779,0.58331,-1.772,-0.40581,0.19268,-0.84637,0
"200",-0.07854,1.16365,0.96082,-0.31685,0.04257,1.74091,0.29338,0.59042,1.30612,0.19268,-0.52593,0
"201",-0.07854,0.45468,0.96082,-0.31685,-0.14882,-0.30033,-0.84732,-0.30172,1.46191,-0.71126,-0.21575,0
"202",-0.07854,1.16365,0.96082,-0.31685,-2.05048,0.63779,-0.71727,1.61108,1.13407,-1.37983,-1.18084,0
"203",1.82213,-2.43591,-0.57009,-0.31685,0.31287,0.32197,1.06238,0.13136,-0.65253,0.52975,-0.52593,0
"204",-0.07854,-0.61113,-0.57009,-0.31685,0.13606,-0.43999,-0.84732,-0.30172,-0.00665,-0.71126,-1.54858,0
"205",-0.07854,1.16365,0.96082,-0.31685,1.02119,0.80523,1.24033,-0.01729,0.25953,-1.37983,0.07987,0
"206",0.49788,-0.05921,0.24923,-0.31685,0.41667,-0.43999,0.7233,0.28783,0.7583,0.88113,0.7654,0
"207",0.49788,0.45468,0.96082,-0.31685,-0.67825,1.2861,-0.45174,0.94156,1.13407,0.19268,-0.84637,0
"208",0.49788,-0.05921,-0.57009,-0.31685,-0.05188,-0.57545,-2.09015,-0.01729,-0.27607,-0.71126,-0.84637,0
"209",0.49788,-0.05921,0.96082,-0.31685,0.73545,0.47617,-1.42424,-0.91699,0.12331,1.29221,0.7654,0
"210",-0.07854,1.16365,0.96082,-0.31685,-1.69163,0.47617,-1.42424,-0.30172,1.13407,-1.37983,-0.84637,0
"211",0.49788,-0.05921,0.96082,-0.31685,-2.05048,1.45421,-0.01928,0.28783,0.93949,0.52975,0.07987,0
"212",-0.95197,-0.61113,-0.57009,-0.31685,-0.14882,1.11406,-0.58331,-0.60633,-0.78155,0.88113,0.07987,0
"213",-0.95197,-0.61113,-0.09765,-0.31685,-1.1943,-1.09207,-0.84732,0.28783,0.25953,-1.37983,-0.52593,0
"214",-0.07854,-0.05921,0.96082,-0.31685,0.22393,1.11406,0.29338,1.45039,-0.00665,0.88113,0.7654,0
"215",0.49788,-0.05921,0.96082,-0.31685,0.04257,-0.94779,0.14143,0.94156,0.58489,-1.37983,-1.54858,0
"216",0.49788,-1.7379,0.96082,-0.31685,-1.32828,2.127,-0.58331,-0.60633,0.12331,-0.21712,-0.21575,0
"217",-0.95197,-0.05921,-0.57009,0.126,0.52135,1.2861,-0.17779,0.59042,2.04506,0.88113,1.2247,0
"218",0.49788,0.45468,0.96082,-0.31685,-0.05188,1.74091,-2.8595,-0.76096,2.63199,-1.37983,-1.54858,0
"219",0.49788,1.16365,-0.57009,-0.31685,1.23461,-1.50796,-0.01928,2.75696,-0.78155,-0.21712,-2.07848,0
"220",-0.07854,-0.61113,0.96082,-0.31685,1.02119,-0.30033,-1.82919,0.28783,-0.40581,-1.37983,-0.84637,0
"221",1.09449,0.45468,0.96082,-0.31685,-1.05308,1.45421,0.14143,0.94156,1.63088,-1.37983,-2.07848,0
"222",2.59171,-0.05921,0.96082,-0.31685,0.13606,0.16767,0.29338,-1.34289,1.46191,-1.37983,-0.84637,0
"223",-0.07854,0.45468,-0.28519,0.1144,-0.34799,0.47617,0.14143,0.43852,-0.00665,0.52975,0.40148,0
"224",-0.07854,-0.61113,0.24923,-0.31685,-1.69163,0.16767,-0.31776,-0.45321,0.93949,-0.21712,0.07987,0
"225",0.49788,-0.05921,0.96082,-0.31685,-1.43907,0.96248,0.29338,1.2861,0.25953,-0.71126,0.7654,0
"226",1.09449,0.45468,0.96082,-0.31685,-0.46725,1.58487,1.43533,1.45039,1.30612,-0.21712,-0.21575,0
"227",-0.95197,-0.61113,-0.09765,-0.31685,-1.69163,1.74091,0.58331,0.43852,0.93949,1.29221,0.07987,0
"228",-0.07854,0.45468,0.96082,-0.31685,-0.24649,0.16767,-0.31776,-1.21213,0.7583,1.29221,0.40148,0
"229",0.49788,-1.7379,0.96082,-0.31685,-1.32828,1.93886,-0.84732,-0.30172,1.63088,0.19268,-0.52593,0
"230",0.49788,0.45468,0.96082,-0.31685,0.73545,0.00332,-0.97631,-0.01729,-0.00665,-0.21712,-1.18084,0
"231",-0.07854,1.16365,-0.28519,-0.31685,0.82562,-0.94779,0.58331,0.59042,0.7583,0.52975,-0.21575,0
"232",-0.95197,0.45468,0.96082,-0.31685,-0.14882,-0.94779,-1.42424,-0.45321,0.25953,0.52975,-0.84637,0
"233",1.09449,-0.05921,0.96082,-0.31685,-1.32828,-0.30033,-2.21069,1.61108,-1.25773,-1.37983,-1.54858,0
"234",1.82213,1.16365,0.96082,-0.31685,-0.79151,0.00332,0.14143,0.28783,0.7583,0.52975,-0.52593,0
"235",0.49788,-0.61113,0.96082,-0.31685,1.13281,-0.57545,0.7233,0.76096,-0.40581,0.19268,-0.21575,0
"236",0.49788,-1.43719,0.96082,-0.31685,-0.46725,0.32197,-0.58331,-0.01729,1.13407,-0.71126,-1.18084,0
"237",-0.07854,1.16365,0.96082,-0.31685,-0.14882,-0.80615,-1.27553,1.2861,0.12331,-1.37983,-0.52593,0
"238",-0.95197,0.45468,0.96082,-0.31685,1.23461,-0.43999,0.14143,0.13136,-1.78169,0.52975,-1.18084,0
"239",-0.95197,-1.22751,0.21128,-0.31685,-0.58016,0.16767,-0.71727,0.13136,-0.14277,-0.71126,-1.18084,0
"240",0.49788,-1.43719,0.96082,-0.31685,-0.46725,-0.30033,-1.27553,0.28783,-0.14277,0.52975,0.40148,0
"241",0.49788,-0.05921,0.24923,-0.31685,1.60383,0.16767,-0.45174,-0.01729,1.81175,1.29221,1.92173,0
"242",2.59171,-0.61113,-0.57009,-0.31685,2.127,-0.15487,2.44904,0.94156,-0.65253,-0.21712,0.07987,0
"243",0.49788,-0.05921,0.96082,-0.31685,0.41667,-0.15487,-0.97631,1.11406,-0.65253,-1.37983,-1.18084,0
"244",-0.95197,-1.22751,0.96082,-0.31685,-1.69163,0.96248,-0.01928,-0.01729,-0.89891,0.88113,0.07987,0
"245",1.82213,-1.7379,-0.57009,-0.31685,-0.14882,-0.30033,-0.17779,0.76096,0.41594,-0.21712,-0.21575,0
"246",-0.07854,0.45468,0.96082,-0.31685,0.82562,0.63779,-0.97631,-0.76096,0.25953,-0.21712,-0.21575,0
"247",0.49788,0.45468,0.96082,-0.50212,-1.05308,0.47617,-0.17779,-0.15487,0.58489,-1.37983,-1.18084,0
"248",1.09449,-0.05921,0.96082,-0.31685,1.02119,0.00332,-0.17779,0.94156,0.93949,0.19268,-0.84637,0
"249",1.09449,0.45468,-0.57009,-0.31685,1.60383,-2.32338,0.14143,-0.01729,-2.04506,0.88113,-2.07848,0
"250",-0.07854,0.45468,0.96082,-0.31685,0.41667,1.11406,-1.11902,2.46262,1.30612,-1.37983,-1.54858,0
"251",0.49788,-1.22751,-0.57009,-1.10702,0.73545,-1.37639,-0.97631,-0.30172,-0.52745,-0.71126,0.40148,0
"252",-0.95197,0.45468,-0.09765,-0.31685,0.62967,-2.11437,-2.8595,0.94156,-1.38502,-0.71126,-1.18084,0
"253",1.09449,-0.05921,0.96082,-0.31685,-1.32828,0.16767,-0.58331,0.28783,0.58489,-1.37983,-0.84637,0
"254",0.49788,-0.61113,0.96082,-0.31685,0.62967,-1.92173,-0.01928,0.13136,-0.00665,0.19268,1.2247,0
"255",-0.07854,-1.7379,-0.09765,-0.31685,-0.58016,0.32197,0.14143,-0.60633,0.12331,1.29221,0.7654,0
"256",1.82213,-0.61113,-0.57009,-0.31685,-1.32828,-0.15487,0.29338,-0.91699,0.41594,0.52975,0.07987,0
"257",-0.07854,1.16365,0.96082,-0.31685,0.82562,0.32197,-0.58331,-1.772,-0.27607,0.19268,0.07987,0
"258",1.09449,-0.61113,0.96082,-0.31685,-0.24649,1.58487,-0.84732,1.2861,0.58489,-0.71126,-0.84637,0
"259",0.49788,0.45468,0.96082,-0.31685,1.02119,-1.37639,-0.45174,-0.15487,-0.89891,-0.21712,-0.52593,0
"260",-0.95197,0.45468,0.96082,-0.31685,0.91093,1.11406,-0.97631,0.94156,0.58489,-1.37983,-1.18084,0
"261",1.82213,-0.61113,0.96082,-0.31685,0.41667,-0.69509,-1.42424,-1.47955,-0.14277,0.52975,-0.52593,0
"262",1.09449,-0.05921,0.96082,-0.31685,0.82562,-0.43999,0.7233,-0.01729,0.25953,-0.21712,-0.21575,0
"263",-0.95197,-1.7379,0.96082,-0.31685,1.23461,-0.57545,-0.71727,-0.76096,-1.0145,1.29221,-0.21575,0
"264",0.49788,-0.05921,0.96082,-0.31685,0.73545,-1.50796,-0.84732,-0.15487,-1.13788,0.88113,0.07987,0
"265",-0.07854,1.16365,0.96082,-0.31685,0.04257,0.63779,-1.11902,-0.60633,1.81175,-0.21712,0.07987,0
"266",-0.07854,0.45468,0.96082,-0.31685,-0.58016,0.63779,-1.97495,0.28783,0.7583,-0.71126,-0.52593,0
"267",-0.07854,0.45468,-0.57009,0.1144,0.82562,-1.6334,-0.31776,-1.47955,-1.13788,-1.37983,-1.18084,0
"268",0.49788,-0.05921,0.96082,-0.31685,-0.46725,0.63779,-0.17779,-0.15487,-0.65253,0.88113,-0.21575,0
"269",1.09449,0.45468,0.96082,-0.31685,-0.92104,0.32197,-0.58331,-0.15487,1.13407,-1.37983,-2.07848,0
"270",-0.07854,-0.61113,-0.57009,1.90725,0.73545,-0.57545,-0.31776,-0.91699,-0.14277,0.88113,-0.21575,0
"271",1.82213,0.45468,0.96082,0.126,-0.24649,0.96248,0.14143,-0.15487,0.41594,-1.37983,-2.07848,0
"272",1.82213,1.16365,0.96082,-0.31685,-0.24649,0.00332,-1.42424,0.59042,0.12331,-1.37983,-0.84637,0
"273",0.49788,-0.05921,0.96082,-0.31685,-0.79151,0.47617,-1.11902,0.59042,-0.00665,-0.71126,-0.21575,0
"274",0.49788,-1.7379,0.96082,-0.31685,-0.14882,1.11406,0.29338,-0.91699,-1.0145,1.86203,0.40148,0
"275",-0.07854,0.45468,0.96082,-0.31685,-0.67825,0.96248,-1.68062,0.76096,0.7583,-0.21712,-0.52593,0
"276",-0.07854,0.45468,0.96082,-0.31685,-0.92104,1.45421,0.29338,0.94156,0.58489,0.19268,-0.52593,0
"277",0.49788,0.45468,0.96082,-0.31685,0.13606,-1.6334,-0.58331,-1.21213,-0.40581,-0.21712,-2.07848,0
"278",0.49788,0.45468,0.96082,-0.31685,-1.86962,0.63779,-0.97631,-0.30172,0.58489,-0.21712,-0.52593,0
"279",0.49788,1.16365,0.96082,-0.31685,1.37297,0.32197,0.7233,0.28783,-0.78155,-1.37983,0.07987,0
"280",-0.07854,-0.05921,0.96082,-0.31685,0.73545,1.11406,-0.01928,-0.01729,-0.00665,-0.21712,1.2247,0
"281",-0.95197,-0.61113,0.96082,-0.31685,2.28554,-2.11437,-0.31776,-0.01729,-2.04506,-1.37983,-1.54858,0
"282",0.49788,-1.7379,0.96082,-0.31685,0.41667,-0.57545,-1.42424,-0.01729,-1.78169,0.19268,-0.21575,0
"283",0.49788,0.45468,-0.57009,-0.50212,0.62967,0.32197,-0.45174,-0.01729,0.58489,1.29221,1.2247,0
"284",1.09449,-0.05921,0.96082,-0.31685,-0.92104,-0.30033,-1.55521,-0.01729,0.12331,-1.37983,-1.54858,0
"285",1.09449,-0.05921,0.96082,-0.31685,-0.05188,0.16767,-0.97631,-0.15487,-0.27607,0.19268,-1.18084,0
"286",-0.95197,0.45468,-0.57009,-0.31685,-0.58016,1.45421,0.88309,-0.01729,0.12331,0.88113,0.40148,0
"287",-0.07854,0.45468,0.96082,-0.31685,-0.14882,-0.15487,-0.97631,0.13136,0.41594,-0.71126,-0.52593,0
"288",0.49788,-0.05921,0.96082,0.126,0.31287,-0.57545,-0.58331,-0.91699,-0.00665,-0.21712,-1.18084,0
"289",1.09449,-1.7379,0.96082,-0.31685,-0.05188,-0.69509,-1.68062,0.28783,-0.00665,-1.37983,-0.84637,0
"290",0.49788,1.16365,0.96082,0.1144,2.61139,0.47617,-1.55521,-0.30172,1.46191,-0.21712,-0.84637,0
"291",-0.95197,1.16365,0.96082,-0.31685,-0.14882,-0.80615,-0.01928,0.59042,0.58489,-1.37983,-1.18084,0
"292",0.49788,0.45468,-0.09765,-0.31685,-1.1943,-0.57545,-0.71727,0.43852,0.93949,0.88113,0.7654,0
"293",-0.95197,0.45468,-0.57009,-0.31685,-0.05188,0.32197,-0.01928,-2.5383,0.7583,0.88113,0.7654,0
"294",0.49788,-2.43591,0.96082,-0.31685,-0.58016,0.00332,-0.58331,-0.60633,0.58489,-0.21712,0.40148,0
"295",0.49788,1.16365,0.96082,-0.31685,-1.1943,1.74091,1.06238,1.2861,0.7583,0.19268,0.40148,0
"296",1.09449,-0.05921,0.96082,-0.31685,1.02119,0.32197,0.7233,1.61108,-0.52745,0.88113,-0.84637,0
"297",1.09449,-0.61113,0.96082,-0.31685,0.13606,0.80523,0.44585,1.45039,-0.14277,0.19268,-0.21575,0
"298",0.49788,-0.61113,0.96082,-0.31685,0.31287,0.80523,-0.31776,1.2861,0.7583,-1.37983,-1.18084,0
"299",-0.95197,-0.61113,-0.57009,-0.31685,0.41667,0.80523,1.24033,1.11406,0.58489,-0.71126,0.07987,0
"300",-0.07854,-0.61113,-0.28519,-0.31685,1.98437,-0.30033,0.44585,-1.21213,-1.0145,0.19268,0.7654,0
"301",-0.07854,1.16365,0.96082,-0.31685,-1.55078,1.11406,-0.01928,-0.01729,1.46191,0.19268,0.07987,1
"302",2.59171,1.16365,-0.57009,-0.31685,-2.21844,0.00332,0.58331,0.76096,0.7583,0.52975,-0.52593,1
"303",-0.07854,-0.61113,-0.09765,-0.31685,-0.92104,0.47617,0.7233,0.43852,-2.18109,1.86203,1.92173,1
"304",-0.95197,0.45468,-0.57009,-0.31685,-1.1943,-0.94779,-0.71727,-0.30172,-0.40581,-0.21712,-0.52593,1
"305",-0.95197,-0.61113,-0.57009,-0.31685,0.41667,-0.57545,1.06238,0.43852,-1.0145,0.19268,-0.52593,1
"306",-0.95197,0.45468,0.96082,-0.31685,1.23461,-1.37639,1.24033,-1.772,0.25953,0.88113,0.07987,1
"307",-0.07854,0.45468,-0.57009,-0.31685,0.91093,-0.80615,1.06238,-0.45321,1.13407,0.88113,1.92173,1
"308",-0.95197,-0.61113,-0.57009,0.126,0.52135,0.63779,0.7233,-0.60633,-0.52745,0.19268,0.07987,1
"309",-0.95197,-0.61113,-0.57009,-0.31685,1.98437,-0.94779,0.7233,-0.60633,-1.0145,0.52975,0.7654,1
"310",-0.95197,-0.61113,-0.57009,-0.22166,-1.86962,1.93886,2.90161,0.76096,0.25953,1.29221,1.2247,1
"311",0.49788,1.16365,0.96082,-0.31685,-1.05308,0.16767,0.44585,-0.30172,0.58489,-0.21712,-0.21575,1
"312",-0.07854,1.16365,0.96082,-0.31685,-0.67825,1.74091,0.44585,0.13136,0.25953,-0.71126,0.07987,1
"313",-0.07854,-0.05921,-0.57009,0.1144,-0.46725,2.32338,2.44904,1.2861,1.30612,-0.21712,0.40148,1
"314",-0.95197,-0.61113,-0.57009,-0.31685,1.13281,-0.57545,-0.31776,-0.60633,1.13407,-0.71126,-0.21575,1
"315",-0.95197,-0.61113,0.21128,-0.31685,-0.46725,-0.43999,1.06238,0.13136,-1.38502,-0.21712,0.7654,1
"316",-0.95197,-0.61113,-0.28519,-0.31685,-1.43907,-1.7625,-0.01928,-2.35413,-0.27607,0.52975,0.7654,1
"317",-0.95197,1.16365,0.96082,-0.31685,-0.46725,0.32197,0.88309,-0.15487,0.7583,-0.21712,0.07987,1
"318",-0.07854,1.16365,0.96082,-0.31685,-1.05308,1.11406,0.88309,-1.07533,1.46191,-0.21712,-0.52593,1
"319",-0.07854,0.45468,-0.57009,-0.31685,-0.67825,-0.80615,-0.45174,-1.47955,0.12331,-0.71126,-0.21575,1
"320",-0.95197,-1.22751,0.96082,-0.31685,-0.58016,-1.09207,-0.58331,-2.07848,2.63199,-0.21712,0.7654,1
"321",-0.95197,-1.22751,0.96082,-0.31685,-1.05308,1.74091,0.29338,0.76096,-1.0145,0.19268,1.2247,1
"322",-0.95197,0.45468,-0.57009,-0.31685,0.73545,-0.80615,1.65653,0.13136,-1.25773,-0.21712,-0.52593,1
"323",0.49788,-0.05921,0.96082,-0.31685,1.60383,0.16767,2.15324,-1.34289,-1.38502,1.86203,1.92173,1
"324",-0.95197,-0.05921,0.96082,-0.31685,0.31287,-0.43999,-0.71727,0.94156,-0.14277,0.19268,-0.21575,1
"325",-0.95197,-0.61113,-0.57009,-0.31685,-0.14882,-1.6334,0.29338,-0.60633,-0.27607,-0.71126,0.40148,1
"326",1.09449,1.16365,0.96082,-0.31685,-0.34799,-0.30033,0.29338,-0.15487,0.12331,-0.21712,-0.21575,1
"327",-0.95197,1.16365,0.96082,-0.31685,0.41667,0.00332,0.29338,-0.60633,0.12331,0.88113,0.07987,1
"328",-0.95197,-0.05921,-0.57009,-0.31685,1.37297,-1.6334,1.06238,-0.91699,-1.38502,1.29221,0.7654,1
"329",-0.95197,-0.05921,0.96082,-0.31685,0.41667,1.2861,1.06238,-0.01729,-0.40581,0.52975,0.07987,1
"330",-0.95197,-0.05921,0.24923,-0.31685,-0.14882,1.45421,1.43533,0.13136,-1.38502,0.52975,0.7654,1
"331",-0.95197,-0.61113,-0.57009,-0.31685,0.31287,-0.15487,1.88511,0.28783,-1.5184,1.29221,0.7654,1
"332",-0.95197,-0.61113,-0.57009,-0.31685,-1.32828,-0.30033,0.14143,1.2861,1.13407,0.19268,-0.21575,1
"333",-0.95197,-0.61113,0.96082,-0.31685,-0.05188,-0.69509,0.29338,-2.21844,-1.25773,0.19268,0.7654,1
"334",-0.07854,0.45468,-0.57009,0.1144,-0.14882,0.96248,1.24033,0.76096,-0.27607,-0.21712,0.07987,1
"335",-0.95197,0.45468,0.24923,-0.31685,-2.52197,1.74091,-1.55521,-3.46436,-0.14277,0.52975,1.2247,1
"336",-0.95197,-0.61113,-0.57009,0.1144,-0.46725,0.80523,0.29338,2.03972,1.81175,-1.37983,-0.21575,1
"337",-0.07854,-1.22751,-0.57009,-0.31685,1.23461,-2.32338,0.29338,-0.30172,-1.92173,0.19268,-0.52593,1
"338",-0.07854,-0.61113,0.96082,-0.31685,0.04257,2.127,-0.31776,-0.60633,-0.00665,1.29221,0.07987,1
"339",-0.07854,-0.05921,0.96082,-0.31685,2.127,-1.37639,0.14143,-0.30172,-1.64101,1.29221,-0.21575,1
"340",-0.07854,-0.61113,-0.57009,-0.31685,0.52135,-1.23177,0.44585,-3.15735,-0.52745,1.86203,1.2247,1
"341",1.82213,-0.05921,0.24923,-0.31685,-0.34799,-0.43999,-0.31776,-0.76096,0.58489,0.88113,1.2247,1
"342",-0.95197,-0.61113,-0.57009,-0.31685,1.02119,-1.7625,0.58331,-0.15487,-2.57309,0.88113,-0.21575,1
"343",-0.95197,-0.61113,-0.57009,-0.31685,0.91093,-1.92173,0.29338,-1.6209,-2.57309,1.29221,1.2247,1
"344",-0.95197,1.16365,-0.28519,-0.31685,-0.79151,-0.30033,-0.31776,-0.91699,-0.14277,0.52975,0.7654,1
"345",-0.07854,0.45468,0.96082,-0.31685,-1.05308,1.2861,0.44585,0.43852,0.7583,0.19268,-0.21575,1
"346",-0.95197,-1.22751,0.24923,-0.31685,0.22393,1.45421,2.15324,-0.30172,-1.0145,1.86203,1.92173,1
"347",-0.95197,0.45468,-0.09765,-0.31685,-0.14882,-0.43999,0.88309,-0.60633,-0.78155,1.29221,0.7654,1
"348",-0.07854,1.16365,-0.28519,-0.31685,-1.05308,2.57309,0.58331,-1.47955,-0.40581,-0.21712,1.2247,1
"349",1.82213,0.45468,-0.09765,-0.31685,1.37297,-0.15487,-0.17779,-1.92595,-1.5184,-0.71126,-0.21575,1
"350",-0.95197,-1.22751,-0.28519,-0.31685,-1.1943,-0.43999,0.58331,0.28783,-0.00665,-0.71126,-0.21575,1
"351",-0.95197,-0.61113,-0.28519,-0.31685,-0.79151,0.32197,0.29338,-0.30172,-0.27607,0.88113,0.7654,1
"352",-0.95197,-0.61113,-0.57009,-0.31685,-0.67825,0.00332,0.29338,1.81866,1.30612,-0.21712,-0.52593,1
"353",-0.07854,1.98437,-0.57009,-0.31685,0.52135,1.58487,2.90161,1.2861,1.81175,0.52975,1.92173,1
"354",-0.07854,1.98437,0.96082,-0.31685,-0.92104,0.47617,1.43533,1.11406,-0.52745,0.19268,0.07987,1
"355",-0.07854,0.45468,-0.28519,-0.31685,0.04257,0.63779,1.06238,-0.45321,0.7583,0.19268,1.2247,1
"356",-0.95197,0.45468,-0.57009,-0.31685,0.73545,-1.7625,0.88309,-0.45321,-2.04506,-0.21712,0.40148,1
"357",-0.95197,-0.05921,0.96082,-0.31685,-1.69163,1.2861,-0.58331,-0.60633,-1.13788,1.86203,0.7654,1
"358",-0.95197,-0.05921,-0.57009,-0.31685,1.8399,-0.57545,-0.01928,-1.47955,-2.90161,1.86203,1.2247,1
"359",-0.95197,0.45468,0.96082,-0.31685,-0.24649,-1.09207,-0.71727,-0.15487,1.46191,-1.37983,-0.84637,1
"360",-0.95197,0.45468,0.96082,-0.31685,1.37297,0.80523,-0.97631,0.94156,-0.65253,0.52975,0.07987,1
"361",-0.07854,0.45468,0.96082,-0.31685,-0.24649,0.47617,0.7233,1.61108,-0.14277,-0.71126,0.7654,1
"362",-0.07854,0.45468,-0.57009,-0.31685,-1.05308,-1.50796,0.14143,0.28783,0.25953,-0.21712,0.7654,1
"363",-0.95197,0.45468,0.96082,-0.31685,0.04257,-0.15487,-0.17779,-0.60633,-0.40581,1.86203,1.2247,1
"364",-0.07854,-0.61113,-0.57009,-0.31685,2.46262,-1.92173,-0.58331,-2.35413,-2.30408,1.29221,1.2247,1
"365",-0.95197,-1.22751,-0.57009,-0.31685,0.22393,-1.7625,0.44585,0.43852,-1.38502,-1.37983,-0.84637,1
"366",-0.95197,-0.61113,0.96082,-0.31685,1.13281,1.45421,1.06238,-1.772,-0.89891,1.29221,1.2247,1
"367",-0.95197,-0.61113,-0.57009,-0.31685,1.60383,-1.23177,-0.17779,-0.91699,-0.65253,-0.71126,-0.21575,1
"368",-0.95197,-0.61113,-0.57009,-0.31685,-1.43907,1.45421,1.06238,-1.6209,0.93949,-0.71126,0.40148,1
"369",-0.95197,-0.61113,-0.57009,-0.31685,0.31287,-1.92173,0.14143,1.2861,2.63199,-1.37983,-0.52593,1
"370",-0.95197,-0.61113,-0.57009,-0.31685,-1.32828,0.32197,0.7233,0.94156,1.63088,-0.71126,0.40148,1
"371",-0.95197,-1.7379,-0.28519,-0.31685,0.52135,-0.80615,-0.97631,-0.76096,-0.27607,0.52975,0.40148,1
"372",-0.07854,-0.61113,-0.28519,-0.31685,1.02119,-0.57545,0.14143,0.94156,-0.52745,0.88113,-0.21575,1
"373",-0.07854,-1.7379,0.96082,-0.31685,-0.34799,0.00332,-0.58331,-0.91699,0.7583,0.52975,0.40148,1
"374",-0.95197,-0.61113,0.96082,-0.31685,0.82562,0.63779,-0.84732,-1.07533,-1.38502,1.29221,0.7654,1
"375",-0.07854,1.16365,0.96082,-0.31685,-0.14882,-0.15487,-0.45174,-0.30172,0.93949,-0.21712,0.7654,1
"376",1.09449,-1.22751,0.96082,-0.31685,-0.58016,1.2861,1.43533,-1.34289,-0.00665,-0.71126,1.2247,1
"377",0.49788,-0.61113,-0.57009,-0.31685,-0.79151,-0.30033,-0.58331,-0.60633,0.25953,-0.71126,-0.52593,1
"378",1.09449,1.16365,0.96082,-0.31685,-0.34799,0.00332,-0.45174,-0.30172,-1.38502,1.86203,-0.52593,1
"379",-0.95197,-0.61113,0.21128,-0.31685,1.60383,-0.57545,-0.17779,-1.6209,-0.65253,-0.71126,0.7654,1
"380",-0.95197,-1.22751,0.21128,-0.31685,-0.46725,0.32197,0.14143,-0.76096,-0.65253,0.88113,1.2247,1
"381",-0.95197,-0.61113,-0.57009,-0.31685,-0.67825,3.27393,1.88511,-0.01729,-0.78155,0.52975,1.2247,1
"382",-0.07854,-1.22751,-0.09765,-0.31685,0.04257,0.32197,-0.97631,0.28783,-0.65253,-0.71126,0.7654,1
"383",-0.95197,-1.7379,-0.57009,-0.31685,1.23461,-0.43999,0.29338,0.43852,-0.14277,-0.71126,1.2247,1
"384",-0.95197,-0.61113,-0.57009,-0.31685,0.73545,-0.30033,-0.71727,0.43852,-0.89891,-0.21712,-0.21575,1
"385",-0.95197,-0.61113,-0.28519,-0.31685,-1.05308,0.63779,0.29338,0.59042,-0.78155,1.86203,0.40148,1
"386",1.09449,1.98437,-0.09765,-0.31685,0.62967,0.16767,0.88309,2.46262,0.25953,-0.71126,0.40148,1
"387",0.49788,0.45468,0.96082,-0.31685,0.52135,-0.15487,-0.45174,-0.15487,-0.65253,-1.37983,-0.52593,1
"388",-0.95197,-0.61113,-0.57009,-0.31685,-0.05188,1.2861,1.43533,0.76096,2.04506,0.52975,1.2247,1
"389",-0.95197,-0.05921,-0.57009,-0.31685,0.04257,-1.6334,1.88511,-0.91699,0.12331,0.19268,0.40148,1
"390",-0.95197,-0.05921,-0.09765,-0.31685,0.62967,-1.92173,0.29338,0.13136,-0.52745,-0.71126,1.2247,1
"391",-0.95197,1.16365,-0.57009,-0.31685,0.41667,1.2861,-1.11902,-0.91699,-0.52745,1.86203,0.40148,1
"392",0.49788,1.16365,0.96082,-0.31685,1.02119,-0.15487,-0.17779,-1.21213,-0.00665,-0.71126,-0.84637,1
"393",1.09449,-0.61113,0.96082,-0.31685,-0.05188,-0.94779,1.06238,-0.60633,-0.27607,0.19268,0.07987,1
"394",1.09449,-1.22751,0.96082,-0.31685,0.22393,0.63779,-0.01928,-0.45321,-0.40581,1.86203,1.2247,1
"395",1.09449,-0.05921,0.21128,-0.31685,-0.92104,1.2861,-0.31776,-0.60633,0.7583,-0.71126,0.07987,1
"396",-0.95197,-1.22751,-0.57009,-0.31685,-0.92104,-1.23177,-0.71727,-1.07533,0.58489,-0.71126,-0.52593,1
"397",-0.95197,-0.61113,-0.57009,-0.31685,-0.24649,0.16767,-0.97631,0.59042,0.93949,0.88113,0.40148,1
"398",-0.95197,-0.61113,-0.57009,-0.31685,-0.46725,0.80523,1.65653,0.94156,-1.38502,1.29221,0.40148,1
"399",0.49788,1.98437,0.96082,-0.31685,0.04257,0.00332,0.88309,-2.70172,-0.27607,-0.71126,0.07987,1
"400",-0.95197,-1.22751,-0.57009,-0.31685,0.13606,0.16767,1.06238,-0.45321,-0.14277,0.19268,0.07987,1
"401",-0.95197,-2.43591,-0.57009,-0.31685,2.28554,-0.69509,0.29338,-0.60633,-0.14277,-1.37983,-0.84637,1
"402",-0.07854,-0.61113,-0.57009,0.1144,1.37297,0.32197,0.7233,0.94156,0.12331,-0.71126,0.07987,1
"403",-0.07854,-0.61113,-0.57009,-0.31685,0.91093,-0.15487,1.65653,0.13136,0.25953,0.52975,1.2247,1
"404",-0.07854,-0.61113,-0.57009,-0.31685,1.8399,-1.09207,0.44585,-1.6209,-1.25773,1.29221,1.2247,1
"405",-0.95197,-0.61113,-0.28519,1.90725,0.04257,-0.30033,-0.17779,-2.07848,-2.04506,1.29221,1.2247,1
"406",-0.95197,-0.61113,-0.57009,-0.31685,0.82562,-0.43999,0.88309,0.43852,-0.52745,0.52975,1.2247,1
"407",-0.07854,-0.61113,-0.57009,0.1144,1.37297,0.47617,1.06238,-0.91699,-1.78169,1.86203,1.2247,1
"408",-0.07854,0.45468,-0.46841,-0.31685,0.22393,0.00332,-0.17779,1.61108,0.93949,-1.37983,-0.21575,1
"409",0.49788,0.45468,-0.57009,-0.31685,-0.79151,-0.80615,-0.31776,0.13136,0.25953,-0.71126,-0.84637,1
"410",-0.07854,-0.61113,-0.28519,-0.31685,-2.52197,0.32197,0.7233,2.46262,-0.00665,1.29221,0.7654,1
"411",-0.07854,1.16365,-0.46841,-0.31685,0.82562,-0.69509,0.14143,-0.76096,-0.27607,-0.71126,0.07987,1
"412",-0.95197,-0.61113,-0.57009,-0.31685,1.8399,-1.23177,0.14143,-1.47955,-1.0145,0.88113,1.2247,1
"413",-0.07854,-0.05921,-0.57009,-0.31685,1.37297,-1.37639,-0.45174,-0.15487,-2.30408,-0.21712,-0.21575,1
"414",-0.07854,1.16365,-0.57009,-0.31685,1.23461,0.00332,-0.31776,-0.15487,-0.14277,1.29221,0.7654,1
"415",-0.07854,-0.61113,-0.57009,-0.31685,0.52135,1.93886,1.43533,-0.30172,0.93949,-0.71126,1.2247,1
"416",-0.95197,0.45468,0.96082,-0.31685,0.62967,0.00332,0.14143,0.59042,0.12331,-0.21712,0.07987,1
"417",-0.07854,0.45468,-0.28519,-0.50212,-0.67825,0.63779,0.14143,-0.15487,-0.52745,1.29221,1.2247,1
"418",-0.95197,-0.61113,-0.57009,-0.31685,0.41667,-0.94779,-0.31776,0.43852,-0.14277,-0.21712,0.7654,1
"419",-0.07854,0.45468,0.96082,-0.31685,1.02119,-0.69509,-0.31776,-0.76096,0.7583,-0.71126,-0.84637,1
"420",-0.95197,-0.61113,-0.57009,-0.31685,0.04257,-0.15487,2.44904,-1.07533,-1.5184,1.86203,1.92173,1
"421",-0.95197,-0.61113,-0.57009,0.1144,-0.92104,1.2861,-0.45174,-0.60633,-0.00665,0.88113,1.2247,1
"422",-0.95197,0.45468,0.96082,-0.31685,-0.24649,0.00332,1.43533,0.76096,0.93949,0.52975,-0.21575,1
"423",-0.95197,-0.61113,0.96082,-0.31685,1.49158,-1.37639,-2.63199,1.81866,-1.25773,0.52975,-1.18084,1
"424",-0.95197,-2.43591,0.96082,-0.31685,0.22393,-0.15487,-0.01928,-0.15487,-0.40581,0.88113,-0.84637,1
"425",-0.95197,-0.61113,-0.57009,-0.31685,0.91093,-0.80615,0.14143,0.59042,-0.14277,-0.21712,0.7654,1
"426",-0.95197,-0.61113,-0.57009,-0.31685,1.72012,0.32197,1.65653,-0.15487,-1.78169,2.90161,0.40148,1
"427",-0.07854,1.16365,-0.28519,0.1144,-0.46725,1.74091,-0.45174,-0.15487,-1.0145,0.52975,0.7654,1
"428",-0.07854,0.45468,0.96082,-0.31685,-1.1943,1.74091,1.43533,0.76096,-0.00665,0.88113,1.2247,1
"429",-0.95197,-0.61113,0.96082,-0.31685,-1.05308,2.57309,0.29338,-1.21213,-1.25773,1.86203,0.7654,1
"430",-0.07854,1.16365,0.96082,-0.31685,0.41667,1.11406,-0.58331,1.2861,0.41594,0.19268,0.40148,1
"431",1.09449,-1.7379,0.96082,-0.31685,0.13606,-1.09207,-0.45174,-1.6209,-0.65253,1.86203,1.2247,1
"432",0.49788,-0.61113,0.96082,-0.31685,-1.32828,0.16767,0.58331,1.2861,-0.65253,0.88113,0.07987,1
"433",-0.07854,-0.61113,0.96082,-0.31685,0.22393,-1.37639,-0.17779,-1.07533,-1.38502,1.29221,0.40148,1
"434",-0.07854,0.45468,0.96082,-0.31685,0.22393,2.127,2.44904,1.61108,-0.65253,1.29221,1.2247,1
"435",-0.95197,-1.7379,0.96082,-0.31685,2.82196,-2.44904,1.06238,-0.76096,-2.18109,-0.21712,-0.84637,1
"436",0.49788,-0.05921,-0.28519,-0.31685,0.82562,-0.57545,0.14143,-0.76096,0.12331,1.29221,0.07987,1
"437",-0.95197,-0.61113,0.96082,-0.31685,2.82196,-1.92173,-0.84732,0.43852,-1.78169,0.19268,-0.52593,1
"438",0.49788,-0.61113,0.96082,-0.31685,0.82562,0.47617,1.43533,0.13136,-2.30408,1.29221,1.2247,1
"439",1.09449,-0.61113,-0.57009,-0.31685,-0.14882,-0.30033,0.58331,0.13136,-0.27607,1.29221,1.2247,1
"440",-0.95197,-2.43591,-0.46841,-0.31685,-1.1943,-0.94779,1.06238,1.2861,-0.52745,0.88113,1.2247,1
"441",-0.95197,-0.61113,-0.57009,0.1144,-0.34799,0.00332,0.58331,-0.15487,-0.52745,0.19268,1.2247,1
"442",-0.95197,-0.61113,-0.57009,-0.31685,0.31287,0.96248,1.88511,-0.76096,-0.65253,1.29221,1.92173,1
"443",-0.95197,-0.61113,-0.09765,-0.31685,-0.67825,0.32197,0.58331,1.11406,-0.00665,0.19268,0.7654,1
"444",-0.95197,0.45468,-0.57009,-0.31685,0.41667,-1.92173,0.88309,-0.15487,-0.52745,0.19268,-0.52593,1
"445",-0.95197,-0.61113,-0.57009,0.1144,1.49158,0.00332,0.29338,0.76096,-0.14277,-0.21712,0.7654,1
"446",-0.95197,-0.61113,-0.57009,-0.31685,0.41667,0.63779,-0.31776,-0.91699,-0.00665,0.19268,0.7654,1
"447",-0.95197,-1.22751,0.24923,-0.31685,1.37297,-1.23177,-1.11902,-2.5383,0.93949,-1.37983,-0.21575,1
"448",1.09449,-0.05921,0.96082,-0.31685,-0.46725,2.32338,0.7233,1.81866,1.30612,0.52975,0.07987,1
"449",-0.07854,0.45468,0.24923,-0.31685,1.13281,0.16767,-0.31776,0.43852,-0.78155,0.52975,0.7654,1
"450",-0.95197,0.45468,0.96082,-0.31685,0.73545,-0.15487,-0.84732,0.59042,-1.0145,0.52975,0.07987,1
"451",-0.07854,0.45468,-0.09765,-0.31685,-0.34799,0.16767,0.7233,-0.45321,-0.78155,0.88113,0.40148,1
"452",-0.07854,-0.61113,-0.28519,-0.31685,0.62967,0.80523,1.06238,-0.45321,-1.78169,1.29221,0.7654,1
"453",0.49788,-0.61113,-0.57009,-0.31685,1.02119,-1.50796,-0.84732,-1.47955,-0.00665,-1.37983,-0.52593,1
"454",0.49788,0.45468,0.96082,-0.31685,1.60383,-0.43999,0.29338,-2.21844,-0.65253,0.88113,0.40148,1
"455",-0.95197,-0.61113,-0.57009,-0.31685,0.73545,-0.15487,0.58331,-0.76096,0.41594,-0.71126,0.07987,1
"456",-0.95197,-0.61113,-0.57009,-0.31685,1.37297,-0.94779,2.15324,-1.772,-1.92173,1.86203,0.40148,1
"457",-0.95197,-0.61113,-0.57009,-0.31685,0.52135,0.80523,0.7233,0.94156,-0.78155,0.52975,1.2247,1
"458",-0.95197,-0.61113,-0.57009,-0.31685,0.13606,-0.94779,-1.11902,0.43852,-1.13788,-0.71126,0.7654,1
"459",-0.95197,-1.22751,0.96082,-0.31685,0.73545,0.00332,2.15324,0.13136,-1.5184,1.29221,0.7654,1
"460",0.49788,0.45468,0.96082,-0.31685,0.62967,0.16767,-0.71727,-0.91699,-0.89891,-1.37983,-1.18084,1
"461",-0.95197,-1.22751,-0.28519,-0.31685,1.23461,0.16767,1.43533,1.2861,0.58489,-0.71126,0.40148,1
"462",-0.95197,-0.61113,0.96082,-0.31685,-2.05048,0.16767,0.7233,0.13136,0.7583,0.19268,1.2247,1
"463",-0.07854,1.98437,-0.57009,0.1144,-0.34799,0.47617,-0.01928,-0.60633,-0.00665,0.52975,1.2247,1
"464",-0.07854,-0.61113,-0.57009,-0.31685,-0.24649,-1.09207,2.44904,-0.91699,-0.65253,1.29221,0.7654,1
"465",-0.95197,-0.61113,-0.57009,-0.31685,-0.92104,0.47617,0.14143,1.45039,-0.27607,-0.21712,1.2247,1
"466",-0.95197,-2.43591,-0.09765,-0.31685,0.13606,-0.30033,-0.01928,0.43852,-1.13788,-0.21712,0.40148,1
"467",-0.95197,-0.61113,-0.09765,-0.31685,1.02119,1.2861,1.24033,-0.60633,-1.0145,0.19268,0.40148,1
"468",-0.95197,-0.61113,-0.57009,-0.31685,0.22393,-0.15487,-0.31776,2.23427,1.46191,-1.37983,-1.18084,1
"469",-0.07854,1.98437,-0.57009,-0.31685,-1.05308,0.80523,-0.31776,-0.15487,0.93949,-0.21712,-0.52593,1
"470",-0.95197,-0.61113,-0.57009,-0.31685,1.37297,0.00332,-0.01928,0.76096,-0.27607,0.19268,-0.21575,1
"471",-0.95197,0.45468,-0.57009,-0.31685,-0.67825,1.45421,1.43533,1.45039,1.13407,-1.37983,0.07987,1
"472",-0.07854,-0.61113,-0.57009,-0.31685,0.22393,-0.15487,0.7233,0.59042,1.46191,-1.37983,-1.18084,1
"473",-0.95197,-1.43719,0.96082,-0.31685,-0.92104,-0.57545,0.7233,1.2861,-0.27607,-0.71126,-0.21575,1
"474",-0.07854,-0.61113,-0.28519,-0.31685,1.02119,-2.72827,0.14143,-0.01729,-0.14277,0.19268,0.07987,1
"475",0.49788,-0.61113,-0.28519,-0.31685,-0.34799,0.00332,0.7233,0.28783,0.12331,-0.21712,0.7654,1
"476",-0.95197,-0.05921,0.96082,-0.31685,-0.34799,0.16767,-0.45174,-0.76096,-0.40581,-2.55524,-0.52593,1
"477",0.49788,0.45468,-0.57009,-0.31685,1.98437,-0.80615,2.15324,0.76096,-0.00665,1.29221,1.92173,1
"478",-0.95197,-0.61113,0.96082,-0.31685,0.22393,-0.15487,-0.31776,-0.60633,0.41594,-0.21712,-0.52593,1
"479",-0.07854,-0.61113,-0.57009,-0.31685,0.82562,-1.37639,0.44585,-1.07533,-1.13788,0.19268,0.7654,1
"480",-0.95197,-0.05921,0.96082,-0.31685,0.91093,-1.37639,-0.31776,-1.92595,-1.38502,0.88113,0.07987,1
"481",-0.07854,0.45468,-0.09765,-0.31685,0.13606,-2.32338,0.29338,-1.07533,-0.89891,-0.71126,-0.52593,1
"482",-0.07854,0.45468,-0.57009,-0.31685,0.52135,-0.57545,0.7233,-1.6209,0.41594,-0.21712,0.40148,1
"483",-0.95197,0.45468,0.96082,-0.31685,-0.14882,-0.30033,0.29338,-0.15487,0.25953,-1.37983,-0.52593,1
"484",-0.07854,-1.43719,0.96082,-0.31685,-0.34799,0.47617,0.7233,0.43852,1.30612,0.88113,0.40148,1
"485",-0.95197,-0.05921,0.96082,-0.31685,0.22393,0.63779,-1.82919,-1.07533,-0.89891,0.88113,0.40148,1
"486",-0.07854,0.45468,-0.09765,-0.31685,-1.32828,0.80523,1.43533,1.11406,0.12331,-0.21712,0.40148,1
"487",-0.95197,-1.22751,0.24923,-0.31685,0.22393,0.32197,0.14143,-0.91699,-0.27607,-0.71126,0.07987,1
"488",-0.07854,0.45468,0.96082,-0.31685,-1.05308,1.74091,-0.01928,0.13136,2.33337,0.52975,1.2247,1
"489",-0.07854,-1.22751,-0.57009,-0.31685,0.31287,0.32197,0.88309,1.11406,-0.78155,0.52975,0.07987,1
"490",0.49788,-0.61113,0.96082,-0.31685,1.23461,0.80523,0.88309,-0.15487,1.13407,0.88113,0.7654,1
"491",-0.95197,-0.61113,-0.57009,-0.31685,0.91093,-0.30033,-0.01928,-0.01729,-0.40581,-0.21712,-0.21575,1
"492",-0.95197,0.45468,-0.57009,-0.31685,0.82562,0.32197,-0.58331,-0.01729,-0.14277,1.29221,0.40148,1
"493",-0.95197,-1.43719,-0.57009,0.1144,0.82562,-1.09207,-1.42424,-0.91699,0.12331,0.52975,0.7654,1
"494",-0.95197,-1.22751,-0.57009,-0.31685,0.52135,1.2861,1.24033,-0.45321,-0.52745,1.86203,0.7654,1
"495",-0.07854,-0.05921,-0.09765,-0.31685,0.41667,-0.43999,-0.58331,2.23427,-0.78155,0.52975,0.07987,1
"496",-0.95197,-0.05921,-0.57009,-0.31685,1.72012,-1.92173,-0.31776,-0.45321,-2.72827,1.29221,1.2247,1
"497",-0.95197,-0.05921,0.96082,-0.31685,0.22393,0.00332,-1.68062,-0.15487,0.25953,0.88113,0.7654,1
"498",0.49788,-1.7379,-0.57009,-0.31685,-0.46725,-1.23177,-0.45174,0.43852,-0.14277,-0.21712,-0.84637,1
"499",0.49788,1.16365,-0.57009,-0.31685,1.13281,0.16767,1.06238,2.03972,-1.0145,1.29221,1.92173,1
"500",-0.07854,1.16365,0.96082,-0.31685,1.98437,-0.30033,-0.31776,-1.6209,-0.65253,0.19268,0.07987,1
"501",-0.07854,0.45468,0.96082,-0.31685,-0.67825,0.16767,0.58331,0.13136,-0.27607,0.19268,-1.54858,1
"502",1.09449,-0.05921,0.96082,-0.31685,1.13281,-1.37639,1.43533,-0.45321,-1.38502,1.86203,1.92173,1
"503",-0.95197,0.45468,-0.57009,-0.31685,0.31287,-0.15487,-0.58331,-0.30172,1.30612,-0.71126,-0.52593,1
"504",-0.95197,-1.43719,-0.57009,-0.31685,0.13606,0.32197,0.44585,-1.21213,-0.40581,1.86203,0.07987,1
"505",-0.07854,1.16365,-0.28519,0.1144,-0.67825,0.63779,1.65653,0.59042,0.58489,-0.21712,1.2247,1
"506",0.49788,-0.05921,-0.57009,-0.31685,1.8399,-0.94779,0.14143,-1.47955,-1.25773,0.88113,-0.52593,1
"507",-0.95197,-0.61113,-0.57009,-0.31685,0.62967,-0.15487,0.58331,-1.6209,-0.14277,1.29221,1.92173,1
"508",0.49788,0.45468,0.96082,-0.31685,0.13606,0.00332,-0.17779,-0.30172,-0.00665,0.52975,1.2247,1
"509",-0.95197,-0.61113,-0.57009,-0.31685,1.37297,-0.94779,0.7233,0.28783,-0.78155,0.52975,1.2247,1
"510",0.49788,0.45468,-0.57009,-0.31685,-2.05048,0.47617,0.58331,-1.34289,-0.52745,0.52975,0.07987,1
"511",-0.95197,-0.61113,-0.57009,-0.31685,0.82562,-0.30033,0.58331,-0.91699,-0.89891,0.88113,0.7654,1
"512",-0.95197,-0.61113,-0.57009,-0.31685,-0.58016,-0.15487,0.88309,-0.45321,-1.25773,1.86203,0.7654,1
"513",-0.95197,1.16365,0.96082,-0.31685,-0.79151,0.96248,-0.45174,0.43852,0.7583,0.88113,0.7654,1
"514",-0.95197,-0.61113,-0.57009,-0.31685,0.62967,0.63779,0.44585,0.13136,-2.57309,1.86203,1.2247,1
"515",-0.07854,-0.61113,0.24923,0.1144,-0.14882,-0.57545,1.43533,-0.91699,-0.78155,0.52975,0.40148,1
"516",-0.07854,-0.61113,-0.57009,-0.31685,1.8399,-1.23177,0.44585,-0.76096,-1.38502,0.19268,-1.18084,1
"517",-0.95197,-0.61113,-0.57009,-0.31685,0.13606,-0.94779,-0.01928,0.43852,0.7583,-0.21712,-0.52593,1
"518",-0.95197,-0.61113,-0.57009,0.1144,0.04257,-0.80615,0.88309,-0.30172,1.13407,-0.21712,0.7654,1
"519",-0.07854,0.45468,-0.57009,-0.31685,1.98437,0.63779,1.43533,-1.07533,-0.65253,1.29221,1.2247,1
"520",-0.95197,-0.61113,-0.57009,-0.31685,1.72012,-0.57545,1.65653,0.13136,-0.40581,0.88113,1.2247,1
"521",-0.07854,0.45468,-0.57009,0.1144,-0.34799,0.00332,1.24033,-0.15487,0.41594,0.88113,0.40148,1
"522",0.49788,-0.05921,0.96082,-0.31685,0.62967,0.47617,0.44585,-0.60633,-0.89891,1.29221,0.40148,1
"523",-0.95197,-0.61113,-0.57009,-0.31685,-0.14882,0.47617,-0.17779,-1.07533,0.12331,-0.71126,1.2247,1
"524",0.49788,-0.61113,-0.57009,-0.31685,-0.58016,-0.94779,1.43533,0.28783,-0.65253,-0.21712,0.07987,1
"525",-0.95197,-0.61113,-0.57009,-0.31685,0.41667,-0.43999,2.15324,-1.92595,2.33337,1.29221,1.92173,1
"526",-0.95197,-0.61113,-0.57009,-1.10702,-1.55078,1.2861,1.06238,-1.47955,0.93949,-0.21712,0.7654,1
"527",0.49788,-1.7379,0.96082,-0.31685,-0.34799,-0.57545,-0.58331,-1.21213,-0.65253,1.29221,0.7654,1
"528",-0.95197,-0.61113,0.96082,-0.31685,0.62967,-0.30033,-0.58331,-1.21213,1.46191,-0.71126,1.2247,1
"529",-0.07854,-0.05921,0.96082,-0.31685,-0.24649,0.80523,0.29338,-0.30172,0.12331,1.86203,1.2247,1
"530",1.09449,-1.22751,0.96082,-0.31685,1.02119,-0.94779,-0.58331,1.45039,-1.25773,-0.21712,0.40148,1
"531",-0.95197,-0.61113,-0.57009,-0.31685,-1.1943,0.32197,1.88511,0.59042,-0.14277,2.90161,1.92173,1
"532",-0.95197,1.98437,0.96082,-0.31685,-0.92104,1.74091,1.65653,1.61108,-0.52745,-0.21712,1.2247,1
"533",-0.95197,-1.22751,0.96082,-0.31685,-1.05308,-0.57545,-0.01928,-2.07848,-1.38502,1.29221,0.40148,1
"534",-0.95197,-1.22751,-0.57009,-0.31685,1.02119,-0.30033,0.14143,-1.47955,-0.65253,0.88113,1.2247,1
"535",-0.95197,-1.22751,-0.57009,0.1144,-0.58016,3.27393,2.15324,-0.60633,0.93949,1.86203,1.2247,1
"536",-0.95197,-0.61113,0.96082,-0.31685,-0.92104,1.58487,0.44585,-0.30172,-0.65253,0.88113,0.7654,1
"537",0.49788,0.45468,-0.09765,-0.31685,-0.05188,-0.57545,-0.97631,-0.60633,0.41594,-1.37983,-2.07848,1
"538",-0.95197,-0.61113,-0.57009,-0.31685,-0.46725,1.11406,0.58331,-0.60633,-1.13788,0.52975,1.2247,1
"539",-0.95197,-0.61113,-0.57009,-0.50212,0.41667,-1.23177,-0.45174,0.94156,-0.14277,0.88113,1.2247,1
"540",-0.95197,-0.61113,-0.57009,-0.31685,-0.58016,-0.15487,0.7233,0.94156,-0.27607,-0.71126,0.40148,1
"541",1.09449,0.45468,0.96082,-0.31685,-0.34799,-1.7625,0.7233,-0.91699,0.12331,-0.21712,-0.52593,1
"542",-0.95197,-0.61113,0.24923,-0.31685,-1.1943,1.45421,0.44585,-0.60633,-0.00665,1.29221,0.40148,1
"543",-0.95197,-0.61113,-0.57009,-0.31685,-0.67825,-0.43999,-0.97631,-0.30172,-0.27607,-0.21712,-0.21575,1
"544",-0.95197,1.16365,0.96082,-0.31685,-1.43907,2.57309,0.44585,-0.76096,0.58489,0.88113,1.92173,1
"545",-0.95197,-1.7379,0.96082,-0.31685,1.8399,-1.37639,-0.17779,-1.772,-1.64101,0.88113,0.7654,1
"546",-0.07854,-0.05921,0.24923,-0.31685,1.49158,-2.32338,-1.11902,2.03972,-0.27607,-0.71126,-1.54858,1
"547",-0.07854,-0.61113,-0.57009,-0.31685,0.82562,-3.00537,0.29338,-1.34289,-2.04506,0.88113,0.7654,1
"548",-0.95197,-1.22751,-0.09765,-0.31685,1.37297,-0.15487,1.65653,-0.91699,-0.40581,-0.21712,0.07987,1
"549",-0.95197,-0.61113,-0.57009,-0.31685,1.02119,-2.03972,-0.71727,1.11406,-1.25773,0.88113,0.40148,1
"550",1.09449,-0.61113,0.24923,0.1144,1.02119,-0.69509,-0.84732,-1.21213,0.7583,1.86203,1.2247,1
"551",-0.95197,-1.22751,-0.57009,-0.31685,1.02119,1.45421,2.44904,-0.45321,1.13407,0.52975,0.7654,1
"552",-0.95197,-0.61113,-0.57009,-0.31685,-1.55078,0.96248,1.65653,-0.01729,-0.14277,1.29221,0.7654,1
"553",-0.07854,0.45468,-0.57009,-0.31685,0.52135,-2.21069,0.44585,0.76096,0.25953,-0.21712,1.92173,1
"554",-0.95197,-0.61113,-0.57009,-0.31685,-0.24649,-0.80615,-1.27553,-1.34289,-1.92173,-0.71126,0.07987,1
"555",-0.95197,-1.22751,-0.28519,-0.31685,0.52135,-0.80615,-0.17779,-0.15487,-1.92173,0.52975,1.2247,1
"556",-0.95197,-0.61113,-0.57009,-0.31685,0.91093,0.00332,1.06238,-1.21213,-1.5184,1.29221,0.40148,1
"557",-0.07854,-0.61113,0.96082,-0.31685,0.62967,-0.57545,-0.31776,-0.45321,-1.13788,1.29221,0.7654,1
"558",-0.07854,-0.61113,-0.57009,-0.31685,0.31287,-2.5383,-0.84732,-1.6209,-2.57309,0.88113,0.07987,1
"559",-0.95197,-0.61113,0.96082,-0.31685,-1.43907,0.32197,1.06238,2.03972,0.12331,-0.71126,-0.21575,1
"560",0.49788,-0.61113,0.21128,-0.31685,0.31287,0.00332,-0.84732,-0.60633,-0.52745,-0.71126,0.07987,1
"561",0.49788,0.45468,0.96082,-0.31685,0.04257,0.47617,-0.17779,0.94156,0.25953,0.19268,-0.21575,1
"562",0.49788,1.16365,0.96082,-0.31685,-0.67825,0.96248,0.88309,2.23427,1.81175,-0.21712,0.40148,1
"563",0.49788,1.98437,0.96082,-0.31685,0.73545,-1.6334,-0.45174,-0.30172,1.30612,-0.21712,-0.21575,1
"564",-0.95197,1.16365,0.96082,-0.31685,-0.24649,0.47617,-0.31776,0.28783,-0.52745,-0.21712,-0.21575,1
"565",-0.95197,0.45468,-0.57009,-0.31685,-0.67825,0.80523,1.06238,1.81866,0.25953,-0.21712,-0.21575,1
"566",-0.95197,-0.61113,-0.57009,-0.31685,-0.67825,0.47617,-0.17779,0.13136,1.46191,-0.71126,-1.18084,1
"567",0.49788,0.45468,-0.57009,0.1144,-0.14882,-0.94779,1.24033,-0.60633,-1.64101,0.52975,1.2247,1
"568",-0.07854,-1.7379,0.96082,-0.31685,0.41667,-1.37639,0.14143,0.76096,-0.40581,-0.21712,1.2247,1
"569",-0.07854,-0.61113,-0.28519,-0.31685,1.60383,-0.30033,1.06238,1.45039,-1.78169,1.86203,0.07987,1
"570",-0.95197,-0.61113,-0.57009,-0.31685,-0.58016,-0.15487,-0.84732,1.11406,0.41594,-1.37983,-0.84637,1
"571",-0.95197,-0.61113,-0.57009,-0.31685,-1.05308,0.47617,1.06238,1.81866,1.30612,-0.21712,1.2247,1
"572",1.09449,-0.61113,-0.57009,-0.31685,1.02119,0.16767,-0.17779,-0.60633,-1.0145,1.29221,1.2247,1
"573",-0.07854,0.45468,0.96082,-0.31685,-1.1943,0.80523,1.43533,2.23427,1.13407,-0.21712,0.40148,1
"574",-0.95197,-1.22751,0.24923,-0.31685,1.8399,-2.21069,-1.11902,-0.45321,-3.46436,-0.21712,-1.18084,1
"575",0.49788,-0.05921,0.96082,-0.31685,-0.79151,-0.15487,-0.01928,1.81866,-0.65253,-0.21712,-1.18084,1
"576",-0.95197,-0.61113,-0.57009,-0.31685,1.13281,-0.80615,-0.17779,-1.34289,-0.65253,-1.37983,-0.84637,1
"577",-0.07854,-0.61113,-0.57009,-0.31685,-0.34799,0.63779,1.88511,-0.60633,0.25953,0.19268,0.7654,1
"578",0.49788,-0.61113,-0.57009,-0.31685,0.91093,-1.37639,-1.42424,-0.45321,-0.78155,0.19268,-2.07848,1
"579",-0.07854,1.16365,0.96082,-0.31685,0.13606,0.16767,-0.45174,0.43852,0.12331,-0.71126,0.40148,1
"580",-0.07854,0.45468,0.96082,-0.31685,0.04257,1.58487,1.24033,1.2861,0.58489,1.29221,0.40148,1
"581",-0.95197,-0.61113,-0.57009,-0.31685,0.62967,-0.15487,1.88511,1.45039,0.12331,0.88113,-0.84637,1
"582",-0.95197,-0.61113,0.24923,-0.31685,0.91093,0.16767,0.58331,-0.15487,-2.04506,-1.37983,0.40148,1
"583",1.09449,-1.22751,0.96082,-0.31685,-2.21844,1.11406,-0.31776,0.59042,-0.40581,0.19268,-0.52593,1
"584",-0.95197,-0.61113,-0.28519,-0.31685,-1.55078,-1.23177,0.88309,1.61108,-1.78169,-0.21712,0.40148,1
"585",-0.07854,-0.61113,0.96082,-0.31685,-2.52197,2.32338,0.29338,-1.47955,0.58489,0.88113,1.2247,1
"586",-0.07854,-1.7379,0.96082,-0.31685,-0.24649,1.74091,0.88309,1.2861,0.41594,0.52975,1.92173,1
"587",-0.95197,-0.61113,0.96082,-0.31685,1.02119,1.11406,-1.11902,-0.91699,-1.0145,0.88113,1.2247,1
"588",-0.95197,-1.22751,-0.28519,-0.31685,0.82562,1.11406,1.65653,1.2861,0.25953,0.88113,1.2247,1
"589",-0.95197,-0.61113,-0.57009,-0.31685,-0.24649,0.63779,0.29338,-0.45321,-0.00665,1.29221,1.2247,1
"590",-0.95197,-0.61113,-0.57009,-0.31685,1.98437,-0.94779,-0.01928,-1.21213,-1.25773,-0.71126,-1.18084,1
"591",-0.95197,-0.05921,-0.57009,-0.31685,1.02119,0.96248,0.29338,-1.6209,-0.89891,0.88113,0.40148,1
"592",-0.95197,-1.43719,-0.57009,-0.31685,1.23461,1.11406,1.06238,-1.47955,0.12331,0.88113,1.92173,1
"593",-0.95197,-0.61113,0.24923,-0.31685,-1.86962,1.2861,2.15324,0.76096,0.93949,-0.71126,0.07987,1
"594",-0.95197,-0.05921,-0.57009,0.1144,0.41667,-0.15487,1.43533,1.2861,-0.65253,0.52975,0.07987,1
"595",-0.95197,-1.22751,-0.57009,0.1144,0.31287,-1.09207,0.44585,0.59042,-0.65253,0.88113,0.07987,1
"596",0.49788,-0.61113,0.96082,-0.31685,0.91093,-0.69509,1.24033,-0.30172,0.25953,-0.21712,0.07987,1
"597",-0.95197,-0.61113,-0.57009,-0.31685,0.13606,1.45421,1.24033,-1.21213,-0.78155,0.52975,0.7654,1
"598",-0.95197,-0.61113,0.24923,-0.31685,-1.43907,1.11406,0.58331,-0.60633,-0.78155,0.88113,0.40148,1
"599",-0.07854,0.45468,-0.57009,-0.31685,0.52135,-0.94779,1.06238,-0.30172,0.58489,-0.21712,0.07987,1
"600",-0.95197,-1.22751,0.96082,-0.31685,1.23461,0.96248,0.44585,-0.30172,-0.27607,0.52975,0.40148,1
